id,first_name,last_name,city,gender,age
1,Niccolo,Button,Lyon,Male,25
2,Garrott,Maleck,Žďár nad Sázavou Druhy,Male,55
3,Galvan,Gilogly,Donnycarney,Male,64
4,Adina,Brunning,Drogomyśl,Female,33
5,Gussy,Glasard,Real,Female,58
6,Min,Mines,Moriguchi,Female,40
7,Jocelin,McIlvenna,Meilong,Female,85
8,Helen,McQueen,Wartburg,Female,17
9,Abagail,Hindrich,Cergy-Pontoise,Female,71
10,Anica,Madden,Rýmařov,Female,25
11,Zorine,Origan,Enniskerry,Female,11
12,Wainwright,Drowsfield,Jiangdianzi,Male,82
13,Clotilda,Lowman,Akkol’,Female,27
14,Denis,Breagan,Curahuasi,Male,55
15,Carmen,Flannigan,Cangkuang,Female,35
16,Barbaraanne,Lawee,Paris 11,Female,81
17,Zed,Haswell,Bagé,Male,29
18,Devondra,Mattimoe,Xiahan,Bigender,55
19,Thaine,Dennert,Anibare,Male,28
20,Ali,Greenway,Cholet,Male,72
21,Hallie,Gallandre,Tamboril,Female,96
22,Armstrong,Astill,Cibeuti,Male,67
23,Saunderson,Brik,Heilangkou,Male,25
24,Tasha,Bonder,Point Hill,Female,79
25,Verena,Pentelow,Kassel,Female,84
26,Essie,Pitcaithly,Matanog,Female,47
27,Shana,Rubinsohn,Czudec,Female,69
28,Roxana,Radborn,Mojimán,Female,55
29,Broddy,Towne,Kirkuk,Male,1
30,Pietra,Routh,Raposos,Female,32
31,Maynard,Janisson,Sukasari,Male,90
32,Lukas,Hurst,Zhaoqing,Male,7
33,Uriah,Hullin,Pondokaso,Agender,18
34,Rolando,Mulqueen,Fairbanks,Male,87
35,Joletta,Agg,Cinco Saltos,Female,87
36,Cami,Messam,Kulase,Female,87
37,Gavrielle,Garm,Zhongzhai,Female,49
38,Penny,Hollindale,Louisville,Female,68
39,Bond,Comer,Brasília de Minas,Male,64
40,Kellen,Anan,Si Racha,Male,92
41,Jeth,Yallop,Panimbang,Male,46
42,Luisa,Kos,Napierville,Female,53
43,Brittni,Burvill,Dorūd,Female,69
44,Yolanthe,Frankham,Laju Kidul,Female,26
45,Leonard,Canedo,Sundawenang,Male,4
46,Latia,Geram,Solec Nad Wisłą,Female,89
47,Eba,Bortolussi,Rybinsk,Female,23
48,Rick,Manson,Pueblo Nuevo,Male,47
49,Rosy,Sawney,Engenheiro Beltrão,Female,34
50,Andeee,DAmbrosio,Paris 02,Female,43
51,Isak,Heindrick,Floda,Male,13
52,Sandy,Hattrick,Fradelos,Female,2
53,Yuri,Steedman,Mtsensk,Male,51
54,Jen,McGonigle,Ouro Branco,Female,94
55,Tammie,Thorington,Perechyn,Female,76
56,Harmonie,Trower,Eling,Female,4
57,Jakob,Lippett,Warsaw,Male,18
58,Henrik,Flement,Changmao,Male,45
59,Lonnie,Gabey,Paicol,Female,8
60,Ingram,Chatan,Even Yehuda,Male,72
61,Ilaire,MacGaughy,Mtinko,Male,75
62,Linnell,Paulack,Loma,Female,93
63,Leontyne,Amyes,Ängelholm,Female,68
64,Eveline,Walling,Nam Kliang,Non-binary,84
65,Leontyne,Bolderoe,Villaguay,Female,86
66,Judi,Usherwood,Medang,Female,62
67,Harlene,Stonhouse,Termas de Río Hondo,Female,88
68,Melli,Wraggs,Wanzhi,Female,61
69,Belle,Lecount,Ust’-Labinsk,Female,11
70,Marice,Dawidowitsch,Coquitlam,Genderqueer,91
71,Billye,Seacombe,Pemberton,Female,44
72,Darcy,Cockerill,Buawan,Male,46
73,Hertha,MacChaell,Gardēz,Female,80
74,Maris,Lahive,Golden,Female,4
75,Maure,Gromley,San Bernardino,Female,85
76,Erny,Potbury,El Potrero,Male,41
77,Malena,Klus,Primorsko,Female,14
78,Ernesto,OMeara,Gerakaroú,Male,35
79,Efrem,Eble,Bilovodsk,Male,93
80,Charmion,Easdon,Huangpu,Female,95
81,Filmore,Edgeworth,Čačinci,Male,69
82,Jeff,Loyndon,Inyati,Male,26
83,Raeann,Rehor,Biograd na Moru,Female,12
84,Lyndsey,Ghelardi,Wudong,Genderfluid,14
85,Greta,Routledge,Alto Barinas,Agender,21
86,Clayton,Copyn,Itigi,Male,13
87,Marcille,Collison,Campraksanta,Female,77
88,Haskell,Tuplin,Kefar Yona,Male,86
89,Michel,Yourell,Huoche Xizhan,Female,75
90,Nickolai,Sponton,Amnat Charoen,Male,59
91,Obadiah,Kivlin,Yanghe,Male,39
92,Karoly,Garret,Bayt ‘Anān,Male,5
93,Leese,Grantham,Lingda,Female,12
94,Nadine,Birkhead,Khvatovka,Female,36
95,Gwyn,Sutherby,Embarcación,Female,22
96,Lothaire,Ivimey,Xianghu,Male,50
97,Lana,Kingwell,Guyang,Female,51
98,Gradey,Klaas,Fulu,Male,69
99,Mackenzie,Gallahar,Kokshetau,Male,82
100,Kathe,Acory,Buzhakan,Female,76
101,Batholomew,Charles,Khotsimsk,Male,57
102,Emilie,Heads,Mengmeng,Female,72
103,Cindelyn,Gladden,Dakingari,Female,58
104,Timoteo,Redfern,Wete,Male,83
105,Falito,Truluck,Huancarqui,Male,11
106,Elianora,Cloney,Hezhang,Female,92
107,Karilynn,McRonald,Kampokpok,Female,29
108,Germaine,Raynton,Akashi,Male,39
109,Lorilee,Mottershaw,Yurla,Female,38
110,Gerick,Dorr,Kon Dơng,Genderfluid,67
111,Ermanno,Allon,Nālūt,Male,18
112,Westbrooke,Beesey,Banjar Bau Kawan,Male,44
113,Currey,Trayte,Manzurka,Male,37
114,Marv,Carradice,Juancheng,Male,97
115,Nedda,Melendez,Brest,Female,9
116,Griselda,Newvill,Irricana,Genderfluid,80
117,Cassy,Duiged,Sanmiaoqian,Genderqueer,27
118,Dede,Kingsmill,Tiexi,Female,82
119,Jenny,Howie,Liudu,Female,40
120,Rana,Sybbe,Rodniki,Female,75
121,Lizzie,Silvermann,Setanggor,Female,62
122,Mendy,Vel,Hongmiao,Male,52
123,Shannon,Clineck,Kaynardzha,Female,67
124,Ailyn,Waycot,Filipstad,Female,99
125,Hort,Fenimore,‘Abasān al Kabīrah,Male,12
126,Kaja,Phorsby,Nardaran,Female,59
127,Yuri,Horney,Serra,Polygender,42
128,Guss,Babb,Barranca,Male,34
129,Rita,Edmonston,Meicheng,Female,80
130,Shell,Sebyer,Riosucio,Male,30
131,Cordey,Ebourne,Cabano,Female,12
132,Cacilie,Metzke,Puget-sur-Argens,Female,69
133,Janela,Hannen,Sambiyan,Female,51
134,Dodie,Skowcraft,Sukacai Tengah,Female,93
135,Vivie,Tavener,Farkhor,Female,66
136,Marie,Gabbotts,Kampong Cham,Female,3
137,Erica,Yeaman,Baoxing,Genderfluid,81
138,Kelli,Fonzo,Khirdalan,Bigender,43
139,Rubin,Valerius,Manyana,Male,17
140,Mano,Jenkinson,Guadalupe,Male,42
141,Aylmer,Penbarthy,Slovenske Konjice,Male,47
142,Farlie,Tidder,Moanemani,Male,24
143,Drusie,Neagle,Thị Trấn Yên Thế,Female,81
144,Kate,Oldcote,Freguesia do Ribeirao da Ilha,Female,23
145,Kayley,Illidge,Klimontów,Female,46
146,Xylia,Zannutti,Krian,Female,74
147,Elli,Cail,Tudela,Polygender,33
148,Vania,Haysar,Bantawora,Female,55
149,Danny,Maleney,Gongli,Female,51
150,Penn,Benford,Bual,Male,82
151,Therese,Beel,Berlin,Female,71
152,Leslie,Cockroft,Alfenas,Female,83
153,Alfred,Downse,Esparza,Male,54
154,Tymon,Everly,Steblevë,Male,62
155,Tedi,Davsley,Yermish’,Female,64
156,Elvina,Lipscombe,Gračec,Female,87
157,Dennie,Kelson,Sucun,Female,59
158,Stinky,Brook,Nandayure,Genderqueer,53
159,Daffy,Govern,Dubovka,Female,22
160,Anna-diane,Dreng,Blagoevgrad,Female,58
161,Flory,Lantiffe,Ankazoabo,Female,57
162,Flem,Barbier,Donskoy,Male,15
163,Leontyne,Sherrard,Shimo-furano,Female,72
164,Agustin,Newis,Rennes,Male,15
165,Yelena,Ivanchov,São Félix do Xingu,Female,64
166,Yurik,Yurkiewicz,Annan,Male,95
167,Enrico,Axelby,Diaoluoshan,Male,69
168,Anthony,Rodenburg,Marmande,Male,9
169,Caesar,Glyn,Gotse Delchev,Bigender,63
170,Genni,Guile,Huanghuai,Female,95
171,Townie,Bracci,Thị Trấn Na Hang,Male,34
172,Harald,Davidzon,Trollhättan,Male,81
173,Codi,Polglaze,Digdig,Female,67
174,Korie,Dik,Conception Bay South,Female,30
175,Sosanna,Fowgies,Hrazdan,Female,26
176,Chrysler,Allibon,Tartaro,Female,37
177,Mart,Scutchings,Cikarang,Male,10
178,Kelsy,Roseaman,Karangasem,Genderqueer,5
179,Sosanna,Letterese,Xiaolin,Female,72
180,Ferrell,Pawden,Dayuanhuizu,Male,46
181,Valdemar,Lahiff,Magetlegar,Male,41
182,Sky,Haye,Bamusso,Male,23
183,Mart,Hearnah,London,Male,96
184,Dulci,Beeden,Kozmice,Female,31
185,Vilma,Mayman,L-Iklin,Female,73
186,Hurlee,Jensen,Íasmos,Male,58
187,Doroteya,Girogetti,La Fortuna,Female,23
188,Walther,Kohtler,Barra,Male,35
189,Celesta,Castellani,Cabangan,Female,31
190,Matias,Guyon,Além Paraíba,Male,4
191,Ferdinande,Faulder,Boshan,Female,22
192,Max,Iannitti,Cujillo,Female,33
193,Ted,Orgill,Gengwan,Male,25
194,Rudolph,Cull,Banī Suwayf,Male,43
195,Herschel,Depper,Xingpinglu,Male,70
196,Padgett,MacEntee,Pangradin Satu,Agender,26
197,Emogene,Thirst,Wubao,Female,57
198,Millie,Chesnay,Ovacik,Female,47
199,Katerine,Lambersen,Sitularang Landeuh,Female,29
200,York,Dedenham,Agoo,Male,35
201,Rooney,Roycroft,Khandagayty,Male,98
202,Gretna,Chooter,Machida,Non-binary,45
203,Shantee,Tunnow,Kalijeruk,Female,41
204,Marcie,Boards,Huddinge,Female,15
205,Sanders,Brearty,Telč,Male,38
206,Casey,Boncoeur,Otra Banda,Female,60
207,Bevvy,Tanswill,Napu,Female,91
208,Marcelo,Dei,Yessentuki,Male,50
209,Romeo,Harroll,Mirpur Khas,Male,1
210,Mae,Glauber,Cicurug,Genderqueer,87
211,Julieta,Owbridge,Gorē,Female,22
212,Aldus,Paridge,Tselinnoye,Male,71
213,Donnie,Claughton,Pawa,Female,31
214,Janot,Brownbill,Al Manşūrah,Female,61
215,Cameron,Nasi,Serra da Boa Viagem,Male,26
216,Donavon,Gregorin,Novaya Usman’,Male,48
217,Baird,Dragge,Gorno-Altaysk,Male,4
218,Shelbi,Gurr,Iwamizawa,Female,89
219,Cornell,Lantuff,Rancapanjang,Male,33
220,Marchelle,Davenall,Lianghe,Agender,71
221,Raymond,Dupree,Bremen,Male,18
222,Hortensia,Glassman,Karajeun,Female,52
223,Clyve,Iglesia,Fond du Sac,Male,16
224,Judye,MacWhan,Utabi,Female,52
225,Greta,Cantrill,Bengtsfors,Non-binary,62
226,Dorothy,McQuillen,Hinunangan,Female,88
227,Doloritas,Phillps,Tân Châu,Female,56
228,Nora,Calender,Flic en Flac,Female,16
229,Eamon,OLahy,Luže,Male,28
230,Cob,Selway,Radovitskiy,Male,5
231,Merilee,McGeachie,Shuanglong,Female,3
232,Tedd,Warrier,Maketu,Male,30
233,Briana,Dohms,Ngoc Hon Doc,Female,26
234,Herve,Jewis,Zhaogezhuang,Male,19
235,Huey,Teligin,Akouda,Male,36
236,Allissa,Trebilcock,Harar,Female,61
237,Carolin,Halston,Marseille,Female,95
238,Lonnie,Strike,Trelew,Female,11
239,Gerik,Klewer,Sidu,Male,31
240,Antonio,Abernethy,Alae,Male,91
241,Hale,Blaxlande,Skalánion,Non-binary,54
242,Karney,Edess,Itaituba,Non-binary,43
243,Georg,Heritege,Bartošovice,Male,23
244,Kira,Sleith,Sovetsk,Female,6
245,Temple,Stratten,Longjin,Male,92
246,Kayla,Kemmons,Peristerona,Female,16
247,Alejoa,Elderidge,Bolekhiv,Male,46
248,Louis,Chichgar,Jandayan,Male,10
249,Rinaldo,Speare,Dębów,Male,4
250,Claiborn,Thackwray,Johanneshov,Male,17
251,Kasey,Mounter,Joliet,Female,70
252,Lexy,Schumacher,Narach,Female,13
253,Leonora,Crinidge,Siumate,Female,24
254,Filippa,McWhan,Matungao,Female,39
255,Veronique,Terry,Bovec,Female,64
256,Lorinda,Grellier,Guanzhou,Female,43
257,Rosanna,Paulot,Sapadun,Bigender,86
258,Camellia,Burrage,Jinping,Female,22
259,Susy,Thunderchief,Zongluzui,Female,47
260,Hatti,Leall,Palmeira das Missões,Female,50
261,Penelopa,Theunissen,Ciwidara,Female,12
262,Chrissie,Ruddiforth,Cisalak,Male,66
263,Farica,Matheson,Sungayang,Female,72
264,Maybelle,Plum,Cisasak,Female,2
265,Leontine,Dubarry,Descalvado,Female,79
266,Tobye,Grestie,Majalengka,Female,85
267,Babita,Bessent,Xiaomian,Female,96
268,Cad,Ianelli,Mariano Moreno,Male,50
269,Trueman,Brennan,Bobolice,Male,35
270,Karleen,Burnage,Liberta,Female,64
271,Dominic,Fold,Panggungasri,Male,59
272,Miguel,Pimmocke,Dan Khun Thot,Male,8
273,Ferdinanda,O Hogan,Sanbaishan,Female,2
274,Maurizia,Andreini,Hongmei,Female,88
275,Leopold,Archibold,Huicheng,Male,58
276,Ewart,Gradwell,Tangkil,Male,100
277,Carine,Castagna,Canaries,Female,6
278,Alyce,Vineall,Anlu,Female,49
279,Terry,Nance,Xin Bulag,Male,69
280,Jaquenetta,Sayton,Canton,Female,11
281,Max,Ilyukhov,San Pascual,Female,73
282,Sadella,Sailor,Manakara,Female,86
283,Thaddeus,Sambiedge,Wakuya,Male,6
284,Oralia,Keilty,Ganxi,Agender,83
285,Bathsheba,Papez,Riosucio,Female,6
286,Gardener,Petegre,Medvezh’yegorsk,Male,73
287,Belvia,Arundell,Nīkshahr,Female,4
288,Stanly,Godby,Bulnes,Male,9
289,Estell,Kerins,Kunów,Female,39
290,Nev,Dixon,Vetrino,Male,41
291,Stefanie,Gurys,Fonte da Vaca,Female,32
292,Rosalia,Stutt,Piškorevci,Female,51
293,Natka,Gogay,Villa Gesell,Female,18
294,Astrid,Braham,Nazaré,Female,79
295,Fay,Turbard,Łubniany,Female,56
296,Oswald,Vatini,Cacequi,Male,7
297,Staffard,Garmans,Acharnés,Male,49
298,Nancey,Theodore,Cincinnati,Female,68
299,Leisha,Lowden,Daeosin Satu,Female,72
300,Hana,O Liddy,Leubatang,Female,18
301,Lark,Job,Meishan,Female,51
302,Florencia,Marioneau,Syriam,Female,38
303,Marcelo,McPike,Karanganyarkrajan,Male,38
304,Odell,Burth,Taraban Timur,Male,89
305,Perrine,Housbey,Kaélé,Female,66
306,Wilt,Teligin,Qaryat al Qābil,Male,46
307,Petra,Arbor,Pale,Female,14
308,Penn,Newby,Stockholm,Male,44
309,Trevar,Speak,Xinli,Male,1
310,Willie,Cortin,Jardin,Male,42
311,Christyna,Sooley,Rennes,Female,4
312,Cordy,McMurtyr,Guihulñgan,Female,8
313,Abner,Potkin,Ramat HaSharon,Male,43
314,Patrizius,Stenyng,Sobreira,Male,58
315,La verne,Nicol,Dongfeng,Female,68
316,Free,Alejandro,Cullhuas,Male,70
317,Alisa,McQuirter,Daijiaba,Female,57
318,Graeme,Gateman,Estique,Male,47
319,Hulda,Craighill,Nong Khai,Female,68
320,Jeri,Haskett,San Ignacio,Female,18
321,Edeline,Buncom,Kouzhen,Female,54
322,Grace,Cisec,Samaipata,Female,11
323,Jodie,McBain,Nuwara Eliya,Male,36
324,Shermie,Wardhaugh,Detupia,Male,60
325,Jon,Sautter,Hengyang,Male,45
326,Lexis,Kennagh,Codó,Female,39
327,Hilton,Bohler,Česká Skalice,Male,40
328,Mabelle,Townley,Xaçmaz,Female,7
329,Frances,Livingstone,Cipolletti,Female,42
330,Shalom,Duckers,Deskle,Male,62
331,Aldo,Chastand,Anju,Male,70
332,Ferrell,Buzek,Obsza,Male,30
333,Mayer,McBayne,Miribel,Male,25
334,Allina,Le Breton,Yanjiang,Female,67
335,Andreas,Holbie,Honggang,Male,19
336,Lennard,Linwood,Peixing,Male,61
337,Kincaid,Bellwood,Sixi,Male,92
338,Barnabas,Praill,Chust Shahri,Male,66
339,Linc,Tookey,Helin,Male,100
340,Peggi,Lansly,Otterburn Park,Female,56
341,Gray,Brushneen,Fangxian,Female,61
342,Angus,Disbury,Sandachō,Male,27
343,Herve,Christley,Gjilan,Male,80
344,Matthias,Talloe,Crato,Male,75
345,Jarrad,Mattaus,Candijay,Male,81
346,Bobbette,Setch,Daugavpils,Female,22
347,Pippa,Whitlock,Suwaru,Genderfluid,29
348,Durante,Flann,Linstead,Male,71
349,Alexia,Neno,Qujing,Female,62
350,Dylan,Wenn,Lgota Wielka,Male,2
351,Raoul,Perritt,Yinglan,Male,78
352,Matti,Mattussevich,Sąspów,Female,48
353,Stewart,Loweth,Rostock,Male,1
354,Moshe,Copson,Saraqinishtë,Male,28
355,Renata,Phant,Peabiru,Female,93
356,Mechelle,Cooper,Santa María del Real,Female,88
357,Mohammed,Llopis,Hushan,Male,30
358,Xylia,Foddy,Bungtiang Barat,Female,17
359,Cindi,Partridge,Pasauran,Female,32
360,Brok,Pandya,Altavista,Male,97
361,Carin,Teesdale,Pedro Carbo,Female,37
362,Ronny,Olford,Danbury,Female,13
363,Cheslie,Avrahamof,Mỹ Tho,Female,85
364,Charley,Kearley,Lexington,Male,8
365,Meris,Pockey,Kingston,Female,92
366,Cristine,Binge,São Pedro,Genderqueer,100
367,Adolphus,Duffield,Zhashkiv,Male,57
368,Kissee,Camden,Carmo do Cajuru,Female,90
369,Raynard,Brocklehurst,Kayasula,Male,89
370,Emily,Budge,Ponce,Female,90
371,Morgan,Riddett,Boden,Non-binary,29
372,Dalenna,Wray,Huangascar,Female,22
373,Dina,Sibley,Ganping,Genderfluid,45
374,Constantine,Baus,Daxi,Female,17
375,Ina,Millmore,Kilju,Female,23
376,Bert,Silburn,Jinchang,Male,78
377,Wilden,Cheers,Siruma,Male,6
378,Sylvan,Stairmond,Huichang,Male,60
379,Dennison,Kelcey,Siaton,Male,81
380,Raimund,Ticehurst,Arcueil,Male,78
381,Hasty,Trammel,Cipinang,Male,95
382,Deni,Pere,Ludvika,Female,66
383,Duky,Danell,Quillo,Male,4
384,Rosemarie,Croy,Challhuahuacho,Female,40
385,Catarina,De Caroli,Krouna,Female,57
386,Tessa,Molesworth,Chakari,Female,14
387,Aleen,Grishukhin,Norton,Female,69
388,Octavius,Dayne,Nanaimo,Male,73
389,Hansiain,Porcas,Ipís,Male,45
390,Ginevra,Bendig,San Marcos,Female,49
391,Whit,Shapcott,Miętne,Male,13
392,Melisent,Goodfellowe,Panite,Female,90
393,Ryan,Wayvill,Vlasenica,Male,80
394,Toinette,Stopp,Xilian,Female,68
395,Janet,Robelow,Qibu,Female,59
396,Una,Iacovielli,Antofagasta,Female,15
397,Emmye,Walster,Cibiru,Female,86
398,Nowell,Gateman,Ngembul,Agender,43
399,Sally,Brideoke,Niaojin,Female,79
400,Katheryn,Paulon,Thun,Female,66
401,Trudie,Vela,Saint Ann’s Bay,Female,74
402,Wyndham,Lovegrove,Nueve de Julio,Male,42
403,Bondie,Atger,Xichuan,Male,89
404,Shantee,Knappe,Chengguan,Female,45
405,Dawn,Kayley,Cikulahan,Female,32
406,Malachi,Madgin,Burnside,Male,64
407,Ancell,Fulop,Kuala Lumpur,Male,68
408,Lilith,Parradice,Dubravica,Female,38
409,Natalya,Golder,Agnibilékrou,Female,22
410,Mike,Morritt,Lanhe,Genderfluid,26
411,Fredia,Maskew,Níkiti,Female,99
412,Lance,Leynagh,Snizhne,Male,74
413,Coralyn,Lowman,Al Manşūrah,Female,61
414,Abby,Cherrington,Marseille,Male,65
415,Edsel,Reily,Gonzalo Pizarro,Genderqueer,80
416,Osborne,Broose,Suslonger,Male,65
417,Alane,Klauer,Berber,Female,62
418,Rebekkah,Beavon,Patnongon,Female,23
419,Tess,Croome,Jimsar,Female,31
420,Hanna,Lepick,Citeluk,Female,97
421,Zebulon,Casel,Hezhang,Male,37
422,Delmor,Schirok,Ternovka,Male,5
423,Phaedra,Fibbings,Les Cèdres,Female,39
424,Vonny,Drews,Liuji,Female,4
425,Malvin,MacDiarmid,La Sarrosa,Male,15
426,Kelsey,Kemmey,Dahay,Male,13
427,Tanney,Morten,Betong,Male,56
428,Culley,Bachs,Libu,Male,65
429,Coleen,Ancliff,Berlin,Female,54
430,Carrie,McIntosh,Invercargill,Female,90
431,Caron,Hastin,Luodian,Female,8
432,Walt,Paget,Zhouyuan,Male,82
433,Phillip,Mainstone,São Brás de Alportel,Male,41
434,Amanda,Gilbeart,Potongan,Female,33
435,Jobey,Osipov,Watangan,Female,55
436,Van,Sell,Oslo,Female,5
437,Malynda,Haynes,Kalinovskaya,Female,82
438,Pip,Eustanch,Kāshān,Male,4
439,Dulce,Marshfield,San Pedro Zacapa,Female,73
440,Wynny,Scandrick,Providencia,Female,23
441,Brenna,Kupper,Parelhas,Female,23
442,Karalynn,Gozney,Monte de Trigo,Bigender,13
443,Lilah,Caldwell,Olsztynek,Female,56
444,Janel,Lavallin,Lishu,Female,44
445,Helena,Misk,Abengourou,Female,27
446,Alfie,Klemz,Qiping,Female,83
447,Maryjo,Sleany,Tân Sơn,Female,62
448,Lorry,Innot,Lima,Bigender,73
449,Amye,Ivimey,Mehrān,Female,32
450,Farrel,Crow,Zhujiapu,Male,4
451,Brigida,Cormode,Refojos,Female,31
452,Ferdinand,Ianilli,Ndom,Male,80
453,Tomlin,OBrallaghan,Mlanggeng,Non-binary,56
454,Gustaf,McClosh,Liulin,Male,51
455,Walsh,Ivashechkin,Chengtian,Genderqueer,33
456,Leta,Schaumann,Dongqiao,Female,48
457,Jeremy,Fairest,El Peñón,Male,46
458,Alwin,Alsop,Sanfang,Male,14
459,Taylor,Wheater,Akita Shi,Male,89
460,Imogene,Boschmann,Lanling,Female,98
461,Murdock,Abbis,Sabangan,Male,26
462,Siegfried,Brookfield,Casablanca,Male,71
463,Michel,Fideler,Vila Chã do Monte,Male,25
464,Obediah,Goatcher,Castellon De La Plana/Castello De La Pla,Male,35
465,Alley,Kirkhouse,Ilioúpoli,Male,11
466,Deane,Tick,Sabana Grande de Boyá,Female,72
467,Kakalina,Hearthfield,Haguimit,Female,29
468,Albert,Padkin,Banjar Kajanan,Polygender,37
469,Damaris,Frangleton,Hekou,Female,72
470,Joel,Oley,Stockholm,Male,14
471,Walt,Stobie,La Mesa,Male,4
472,Andris,Shillom,Ayorou,Male,47
473,Gallagher,Condy,Al Qābil,Male,14
474,Konstanze,Balchen,Maliuzui,Female,74
475,Dierdre,Wheelan,Knoxville,Female,25
476,Shir,Haines,Wuxia,Female,65
477,Delainey,Szanto,Kostakioí,Male,26
478,Marjorie,Deschelle,Pyshchug,Female,4
479,Standford,Melhuish,Shangganshan,Male,32
480,Amble,Casado,Cereté,Male,20
481,Ellary,Battrick,Itambacuri,Male,17
482,De witt,Veivers,Pallisa,Male,37
483,Conny,Bogaert,Nangger,Female,51
484,Hermina,Howsin,Vidče,Female,21
485,Jo,Perford,Gaoleshan,Male,24
486,Janeva,Heinrici,Pacanga,Female,10
487,Myriam,Ivic,Constantia,Female,12
488,Daphna,Billings,Camacha,Female,34
489,Kellby,Bourcq,Huizhai,Male,73
490,Adelind,Presland,Södertälje,Non-binary,91
491,Lothario,Mosey,Fuyu,Male,22
492,Chrissy,Hothersall,Novaya Tavolzhanka,Female,87
493,Winston,Wolfit,Lidzbark,Male,90
494,Berny,Rollett,Alvaiázere,Agender,89
495,Byram,Markus,Kabasalan,Male,34
496,Bron,Skelcher,Sendang,Male,28
497,Evania,Fishley,Al Bāriqīyah,Female,25
498,Tildi,Jost,Kungshamn,Non-binary,74
499,Algernon,Arnull,São Gotardo,Male,29
500,Astrix,Lakes,Loma Bonita,Female,8
501,Tandie,Spurge,Sundsvall,Female,74
502,Dannie,Mahood,Sambogunung,Male,61
503,Kaila,Lorroway,Birmingham,Female,80
504,Vonnie,Buddell,Santa Luzia,Female,98
505,Moss,Berkery,Montreuil,Male,67
506,Derby,Fishpool,Jinzao,Male,36
507,Dre,Wessell,Dębowa Łąka,Female,37
508,Wyatt,Cheng,Mhango,Male,20
509,Erminia,Navarro,Krajan Winong,Female,37
510,Maddy,Gavrielli,Kitob,Female,79
511,Hinze,Bernollet,Lianran,Male,78
512,Jaimie,Plain,Sioguí Arriba,Female,47
513,Herc,Bindley,Spiczyn,Male,28
514,Kev,Rosle,Almenara,Male,83
515,Charley,Juett,Les Cèdres,Male,74
516,Gilda,Doughtery,Saguing,Female,16
517,Kali,Shovell,Hatavch,Female,69
518,Shannah,Uc,Bestala,Female,57
519,Gweneth,Rotherham,Troyes,Female,64
520,Jackquelin,Greenhalf,Shuangwang,Female,80
521,Raf,Merrall,Jonkowo,Female,77
522,Mindy,Arnfield,Shangzhuang,Female,14
523,Orel,Weekley,Dukuhtengah,Polygender,19
524,Juliet,Wasson,Põltsamaa,Female,81
525,Easter,Grinaugh,Kupino,Bigender,81
526,Arny,Pittem,Sukamulya,Male,91
527,Allix,Leahey,Yahil’nytsya,Female,14
528,Mufi,Rowett,Medovene,Female,29
529,Georgeanne,Cowburn,Montenegro,Genderqueer,87
530,Pascal,Necolds,Pilchowice,Male,1
531,Doretta,Cordeux,Jomboy,Female,39
532,Judon,Shimuk,Évreux,Male,90
533,Klemens,Diano,Zhangguanying,Male,76
534,Sharona,Umfrey,Barberena,Female,54
535,Cirstoforo,Bowell,Ibicaraí,Male,18
536,Ara,Renbold,Kanluran,Female,91
537,Preston,Shingles,Shiqiao,Male,28
538,Micheal,Joreau,Lagoaça,Male,23
539,Lela,Redolfi,Altkirch,Female,50
540,Milzie,Shovlar,Berck,Female,97
541,Eugine,Keavy,Ōzu,Female,94
542,Wolfy,Brenard,Kodyma,Male,50
543,Celestyn,Kindleysides,Barranquilla,Female,85
544,Mendie,Haggidon,Lubomierz,Male,30
545,Marven,Haps,Nianqiao,Male,98
546,Hurlee,Liger,Henan’an,Genderfluid,92
547,Cindy,Matteotti,Toledo,Female,57
548,Jordan,Filkin,Ottawa,Male,88
549,Kingsley,Curragh,Kumba,Male,34
550,Lisabeth,Anning,Goiás,Female,45
551,Trey,Simao,Longtan,Male,82
552,Liva,Peaddie,Mora,Female,97
553,Bud,Watkiss,Strellc i Ulët,Male,70
554,Polly,Roderick,Diriomo,Female,20
555,Florry,Kelland,Marsada,Bigender,88
556,Cornela,Feronet,Luchegorsk,Female,8
557,Peria,Youll,Baixo Guandu,Female,54
558,Fidelity,Macek,Donan,Female,63
559,Mattie,McMychem,Twardawa,Female,83
560,Clevey,Farrey,Maddarulug Norte,Male,50
561,Barbabra,Dearnaley,Manizales,Genderqueer,13
562,Leona,Goldthorp,Mercedes,Female,55
563,Grantley,Bosomworth,Nsukka,Male,76
564,Tait,Chipperfield,Inicbulan,Male,57
565,Dill,Kirke,Białośliwie,Male,14
566,Abeu,Chifney,Polepy,Male,18
567,Bron,Naton,Khursā,Male,48
568,Alvera,Gurnee,Longfeng,Female,80
569,Merrill,Dowderswell,Choisy-le-Roi,Male,56
570,Whitney,Shires,Długosiodło,Non-binary,47
571,Glynn,Portam,Hamilton,Male,16
572,Chryste,Chapellow,Lourido,Female,33
573,Birch,Ferraresi,Tsubata,Male,59
574,Rodrigo,Josephs,Dowan,Male,7
575,Rebbecca,Vernon,Sobral,Female,61
576,Shirley,Perle,Panambi,Non-binary,74
577,Jaclin,Sexton,Mayang,Female,27
578,Humfried,Stoney,Xianshui,Male,80
579,Renado,Fitzjohn,Delgado,Male,15
580,Meier,Unwin,Huaiyuan Chengguanzhen,Male,3
581,Hattie,Gallamore,Magoúla,Female,87
582,Charlotte,Greedy,Norrköping,Polygender,54
583,Kerri,Tapsfield,Sāqayn,Female,73
584,Henderson,Constance,San Isidro,Male,24
585,Rolf,Menault,Parintins,Male,92
586,Steffen,Twiname,Puerto San José,Male,63
587,Bruis,Le Barre,Avelar,Male,45
588,Lenka,Turbern,Uppsala,Female,19
589,Debora,Scotchford,Mandaon,Female,42
590,Desmund,Gummery,Biasong,Male,81
591,Tome,Blaxlande,Pongkor,Male,16
592,Demeter,Norval,Chagoda,Female,63
593,Chelsy,Harder,Weyburn,Female,44
594,Saleem,Hay,Yatsuomachi-higashikumisaka,Agender,26
595,Earlie,Hasloch,Solna,Male,10
596,Jerrome,Peirone,Xingdian,Male,91
597,Sebastian,Pasek,La‘l,Male,14
598,Balduin,Rosenauer,Rengo,Male,19
599,Maybelle,Cozzi,Tonjongsari,Female,8
600,Salvatore,Dunkley,Bacacay,Male,53
601,Thorndike,Burndred,Safotu,Male,15
602,Dorine,Rennard,Lamont,Female,3
603,Kingsly,Garwood,Loangmaka,Male,68
604,Leela,Rodway,Demyansk,Female,96
605,Cecil,Cornehl,Chengdong,Female,40
606,King,Rump,Picton,Male,67
607,Sheela,Maciaszek,Dolní Černilov,Female,12
608,Nomi,Davitashvili,Krajan Puru,Female,4
609,Carmelita,Bartzen,Sa Kaeo,Female,60
610,Philippine,Di Bartolomeo,Stockholm,Non-binary,39
611,Trever,Heel,Ornontowice,Male,42
612,Arni,Morffew,Xinchang,Male,71
613,Ruthe,Carvell,Liuxia,Female,23
614,Malynda,Blakeley,Pondaguitan,Female,45
615,Shamus,Kempstone,Tanjungluar,Male,70
616,Dietrich,Callery,Airdrie,Male,78
617,Basilio,Haugeh,Burauen,Male,94
618,Fleming,Felipe,Mnogoudobnoye,Male,78
619,Normie,Hill,San Jose,Male,48
620,Hirsch,Ankrett,Caacupé,Agender,100
621,Angelika,Prestedge,Naili,Female,6
622,Arlen,Spaunton,Lewolere,Female,94
623,Arny,Lafflin,Palomoc,Male,31
624,Layton,Peniman,Sanshan,Male,54
625,Gay,Stidever,Vale de São Cosme,Male,99
626,Peggy,Bayles,Jiwei,Female,84
627,Evania,Izat,Froly,Female,46
628,Kerrill,Pere,Glatik,Female,49
629,Bran,Norgate,Ghormach,Male,71
630,Donny,Kondratenya,Notre-Dame-de-lÎle-Perrot,Female,75
631,Halley,Habershon,Prigi,Female,74
632,Lynn,Osborne,Heqiao,Female,21
633,Feliza,Aleksahkin,Cikondang,Female,84
634,Deanne,Linsay,Sumberagung,Female,95
635,Alva,Alpes,Ford,Male,88
636,Godart,Schoenfisch,Coromoro,Male,5
637,Aryn,Barbery,Luzhou,Female,51
638,Cindelyn,Meeron,Tamansari,Female,4
639,Kerri,Fussie,Outeiro,Female,84
640,Nannie,Steventon,Xiaoguai,Female,55
641,Edouard,Rawet,Bouabout,Male,19
642,Alano,Binfield,Ligang,Male,83
643,Dale,Russo,Xinchang,Female,10
644,Belita,Soot,Guantian,Female,17
645,Nicol,Colman,Konza,Agender,55
646,Harp,Shires,Doibang,Male,49
647,Patten,Rowbottom,Chinchŏn,Male,37
648,Starlene,Poleye,Zhangshi,Genderfluid,97
649,Melitta,Yukhnini,Linëvo,Female,58
650,Gaultiero,Freshwater,Plaza Huincul,Male,52
651,Olvan,Chittleburgh,Crauthem,Male,75
652,Clemente,Mosconi,Tunis,Male,25
653,Spenser,Lovat,Lanuza,Male,23
654,Sauveur,MacAlester,Goodlands,Male,96
655,Arron,Houseman,Bergen,Male,84
656,Carlene,Briffett,Lëbushë,Female,53
657,Culver,Woodson,Illela,Male,65
658,Eunice,Wroe,Urungpigang,Female,72
659,Gaelan,Cadwallader,Cipari Satu,Male,8
660,Inna,Van der Baaren,Riang Tengah,Female,20
661,Germain,Rothschild,Katoro,Male,10
662,Roze,Josephi,Kolokani,Polygender,15
663,Perla,Gemnett,Bandundu,Female,48
664,Osmund,Cottey,Vrilissia,Male,28
665,Morgun,Gogerty,As Sūq al Jadīd,Male,43
666,Noreen,Blackmoor,Cerrillos,Female,100
667,Consuela,Bilbie,Shijak,Female,17
668,Ulrikaumeko,Dudderidge,Aras-asan,Female,32
669,Tailor,Exell,Lysekil,Male,16
670,Murry,Marten,Río Grande,Male,97
671,Valaree,Lippiett,Managua,Female,53
672,Dido,Calcraft,Borås,Female,32
673,Erny,Fludgate,Bontoc,Male,10
674,Dodie,Livingstone,Lyon,Female,11
675,Brok,Twigger,Sātkania,Male,9
676,Cecilio,Gullifant,Waipawa,Male,38
677,Trude,Cremen,Łeba,Female,75
678,Rand,Splevings,Cotabambas,Male,23
679,Izaak,Goldin,Culacling,Male,33
680,Gonzalo,Lesaunier,La Laja,Male,57
681,Trueman,Yellowlea,Saramech,Male,92
682,Thurston,Pfiffer,Maqian,Male,72
683,Gloriane,Lummasana,Montalvão,Female,1
684,Johannah,Twinbrow,Bojongsarung,Female,37
685,Gaspard,Tyrwhitt,Il’inskiy Pogost,Male,95
686,Crosby,Dundredge,Ciekek,Male,98
687,Clevie,Legrave,Gobō,Male,84
688,Darwin,Durnford,Fangxiang,Male,31
689,Suzy,Elis,Mölndal,Female,84
690,Gris,Beldham,Tuapse,Male,70
691,Ronny,Downe,Nunleu,Male,56
692,Tracy,Giannoni,Druzhba,Genderfluid,81
693,Valerie,Monketon,Lérida,Female,48
694,Caleb,Redholls,Bor,Male,22
695,Brander,Thomason,Ordzhonikidzevskiy,Male,60
696,Karyl,Midghall,Nyrkiv,Female,13
697,Nilson,Kanzler,Rajhrad,Male,33
698,Galvan,Scamerden,Dicamay,Male,94
699,Evelina,Wallwood,Tiflet,Female,62
700,Elnar,Hamel,Bokkos,Bigender,29
701,Sayre,Roma,Grujugan,Genderfluid,21
702,Astra,Treppas,Eqlīd,Female,88
703,Mortie,Defont,Zhongzhou,Male,58
704,Hewet,McCarrick,Stockholm,Male,42
705,Letizia,Turland,Krasnogorsk,Female,77
706,Germain,Garrigan,Alor Setar,Agender,20
707,Adriaens,Hynam,Pýrgos,Female,77
708,Janine,Aldus,Libenge,Female,36
709,Toby,Brideoke,Rawawilis,Female,7
710,Pincus,Huxster,Mantes-la-Jolie,Male,74
711,Ilka,Greatrex,Kobylanka,Female,55
712,Pearl,McCullough,Nikulino,Female,77
713,Griffy,Laslett,Parenggan,Male,59
714,Mureil,Wardley,Kotlovka,Female,15
715,Lottie,Lehrmann,Staroderevyankovskaya,Female,42
716,Yuma,Grubb,Épernay,Male,76
717,Ashly,Badham,Pumai,Female,31
718,Alex,McGrorty,Göteborg,Female,27
719,Wade,Tellenbach,Kolno,Genderqueer,21
720,Alverta,Pieterick,Aroa,Female,57
721,Caitlin,Outright,Konotop,Female,23
722,Carmon,OMonahan,Tambalisa,Female,54
723,Eldin,Worman,Kuantan,Male,54
724,Jodie,Hallums,Blatná,Agender,62
725,Jonathan,Broader,Zuitou,Male,63
726,Alverta,Follit,Sacramento,Non-binary,57
727,Andy,Karpets,Rasi Salai,Male,46
728,Joe,Care,Légua,Male,68
729,Tab,Cowgill,La Jagua de Ibirico,Male,3
730,Blondy,Barwood,Caringin,Genderqueer,72
731,Fredek,Elden,Khiwa,Male,56
732,Ransom,Blest,Roboré,Male,27
733,Beatrisa,Archibold,Kuniran,Female,58
734,Shane,Eccleston,Viso,Female,71
735,Car,Sandeman,Zouila,Male,36
736,Cairistiona,Randals,Fukuechō,Female,61
737,Marie-jeanne,Dalglish,Adstock,Female,62
738,Silvain,Bresner,Llocllapampa,Male,40
739,Ronna,Acum,Hongqi,Female,71
740,Nahum,Dumbare,Cañaveral,Male,82
741,Seline,Jannex,Xamtay,Female,4
742,Emmalynn,Peppard,Spanish Wells,Female,68
743,Caz,Menis,Lourdes,Male,68
744,Everard,Turfin,Brea Pozo,Male,82
745,Marlyn,Luby,Njeru,Female,11
746,Dino,McFaul,Durham,Male,73
747,Matelda,Officer,Tysmenytsya,Female,59
748,Tobit,Ibanez,Kushnarënkovo,Male,36
749,Jon,Witz,Limeiras,Male,63
750,Bunny,Lathwell,Niebocko,Female,95
751,Valaria,Dumblton,Desa Margaluyu,Female,89
752,Ellen,Yorston,Старо Нагоричане,Female,23
753,Alyson,Sellman,Silihe,Female,59
754,Perceval,Milmore,Hassi Berkane,Male,47
755,Shane,Duckerin,Valdemārpils,Male,53
756,Mellisent,Wigan,Chiryū,Female,27
757,Margeaux,Cullnean,Sassandra,Female,31
758,Hillard,Yonnie,Isiolo,Polygender,21
759,Sayre,Huffa,Färgelanda,Male,93
760,Derek,Kierans,El Calvario,Male,95
761,Stacey,Dorracott,Huayuan,Female,26
762,Alexandra,Casswell,Labao,Female,6
763,Anabella,Shedd,Huanshi,Female,49
764,Sherrie,Hampshire,Aviles,Genderfluid,43
765,Madelene,Docwra,Amherstburg,Female,24
766,Stillman,Garnam,São Pedro,Male,90
767,Rudiger,Cureton,Czarnożyły,Male,81
768,Hirsch,Worts,Laguna de Perlas,Male,84
769,Genni,Hallows,Fare,Female,37
770,Nara,Yokley,Gandu,Female,32
771,Yolanthe,Twinbrow,Skarżysko-Kamienna,Female,46
772,Garwood,Clawley,Göteborg,Male,76
773,Frans,Penticost,Sagopshi,Male,43
774,Fayette,Ygou,Cortiçóis,Female,53
775,Sharron,Alfonzo,Ban Talat Bueng,Female,56
776,Wilton,Durnin,Chetian,Male,57
777,Ches,Riseley,Helmas,Male,70
778,Nathanil,Bydaway,Sali,Male,47
779,Annis,MacAlister,Mambalan,Female,53
780,Leonard,Chinnery,Stari Kuty,Male,3
781,Francesca,Tebbutt,Cirangrang,Female,36
782,Adair,Baldwin,Gaoxing,Male,23
783,Cherrita,Agg,Comendador,Female,12
784,Jami,McWhin,Leżajsk,Polygender,46
785,Giacinta,Goldby,Khvatovka,Female,8
786,Chevy,Baldinotti,Karangmangu,Male,40
787,Tresa,Aves,Goiás,Female,21
788,Livy,Hance,Solna,Female,31
789,Devondra,Delagnes,Padabeunghar,Female,33
790,Evita,Stennine,Klemunan,Female,13
791,Susan,Craggs,El Copey,Female,53
792,Carleen,Filochov,Krasnokuts’k,Female,1
793,Linell,Meegin,Chom Bueng,Female,44
794,Clare,Duiged,Bendo,Female,16
795,Josias,Ruxton,Slovenski Javornik,Male,1
796,Cole,Kliesl,Tupambaé,Male,17
797,Arabel,Henrie,Krasnoznamensk,Agender,65
798,Marieann,Worden,Barão de Cocais,Female,40
799,Lucie,Sancraft,Kéfalos,Genderqueer,10
800,Koral,Handyside,Jiaozuo,Female,1
801,Cal,Mouton,Vila Franca da Beira,Female,95
802,Sky,Mulcaster,Sathon,Male,51
803,Ab,Slad,Al Manshāh,Male,67
804,Nissa,Liggett,Ishikari,Female,80
805,Mirella,Dealtry,Sinacaban,Genderqueer,19
806,Arie,Beasant,Ambato,Male,25
807,Yuma,Fairbrace,Kajuru,Male,1
808,Joelly,Rigate,Veliki Preslav,Female,90
809,Ara,McCormick,Jamaica,Male,60
810,Abbott,Baitson,Geoktschai,Male,100
811,Hyacinthe,Adamolli,Nzérékoré,Female,10
812,Clem,Domoni,Businovo,Female,80
813,Eyde,Dowda,Gaoyu,Female,13
814,Austine,Devereux,Creighton,Female,17
815,Ashlen,Calton,Bryukhovychi,Bigender,61
816,Henri,Dymock,Zhengdonglu,Male,100
817,Celinka,Swainsbury,Bin’an,Female,31
818,Klaus,Swett,Pekalongan,Male,67
819,Belvia,Frost,Pittsburgh,Female,7
820,Erinna,Vaughten,Tōbetsu,Female,48
821,Gale,Claricoats,Denton,Male,95
822,Dianna,Lukianovich,Dauriya,Female,84
823,Madelaine,Darinton,Al ‘Azīzīyah,Agender,62
824,Aubry,Heaney`,Mashizhai,Female,69
825,Wildon,Carlson,Bagiktinggang,Male,8
826,Ronica,Eastam,Solingen,Female,71
827,Debby,Rofe,Örebro,Female,90
828,Daisi,McLugish,Belén,Female,82
829,Grace,Cheine,Aral,Male,9
830,Damaris,Duester,Soly,Female,41
831,Goraud,Haste,Ożarowice,Male,10
832,Emelita,Roumier,Acaraú,Female,84
833,Earle,Polglase,Birmingham,Male,55
834,Melicent,Higbin,Taywanak Ilaya,Female,95
835,Pail,Borne,Huancheng,Male,44
836,Pearce,Paulon,Jabon,Male,10
837,Theodoric,Hartburn,Sacramento,Male,36
838,Rafferty,Rantoul,Bokoro,Genderqueer,53
839,Andeee,Notman,Aguada de Pasajeros,Female,29
840,Christoph,Wrinch,Lugang,Male,94
841,Fitzgerald,Holt,Saparua,Male,5
842,Joye,Leversuch,Nakhon Nayok,Female,47
843,Jeremie,Blakden,Lugo,Male,35
844,Jeromy,Manoch,Manūjān,Male,95
845,Annemarie,Boraston,Pacasmayo,Female,28
846,Brew,Callingham,Tembeling,Male,61
847,Prissie,Freckingham,Awilega,Agender,50
848,Erskine,Newland,Bor Tungge,Male,2
849,Nicolais,Aguirre,Ituiutaba,Male,14
850,Shoshana,Strewther,Temenggungan,Female,21
851,Roosevelt,Harvie,Orimattila,Male,41
852,Marena,Tolossi,Vichuga,Female,52
853,Oralie,Ivanishin,Wanjia,Female,51
854,Sydney,Burnell,Aranđelovac,Female,83
855,Curtice,MacKnockiter,Nasavrky,Male,92
856,Roma,Cheales,Huangcun,Male,69
857,Arny,Hartley,Xianxi,Male,60
858,Sherry,Wyche,Moyo,Female,45
859,Roxy,Bonnet,Castres,Female,2
860,Amanda,Feathersby,Wiślica,Female,53
861,Fianna,MacAskill,Botucatu,Female,77
862,Chere,Klus,Vyšší Brod,Bigender,1
863,Kory,Sayles,Chiscas,Male,95
864,Mirabel,Westfield,Laiwu,Female,24
865,Rochell,Broke,Kohāt,Female,92
866,Lorant,Mattisssen,Wailiang,Male,32
867,Benedikta,Daveridge,Jojoima,Female,65
868,Elysha,Healy,Dún Laoghaire,Female,44
869,Bernice,MacGorley,Siemiątkowo,Female,45
870,Korella,De Dantesie,Takanabe,Female,91
871,Thorin,Nangle,Gornje Moštre,Male,20
872,Dilan,Orry,Pasarkuok,Male,45
873,Seamus,Seid,Aroroy,Male,72
874,Ricardo,Prantoni,Qiulu,Male,56
875,Jerad,Lumm,Passo Fundo,Male,34
876,Dahlia,Gonet,Velké Karlovice,Female,54
877,Alexandros,Grisewood,Bubanza,Male,8
878,Valencia,Streeten,Luknovo,Female,82
879,Terrill,Nichol,Muzhijie,Male,30
880,Linet,Ludovico,Jhang Sadr,Female,57
881,Stefania,Gillespie,Yili,Female,73
882,Kaine,Fleote,Antopal’,Male,87
883,Gert,Mantha,Oetuke,Female,38
884,Immanuel,Custance,La Trinidad,Male,2
885,Lovell,Hambright,Yanai,Polygender,32
886,Philippe,Douris,Río Blanquito,Female,4
887,Jada,Mountain,Ad Dabbah,Female,41
888,Julie,Zini,Itoigawa,Female,70
889,Zilvia,Verrall,Weifang,Female,28
890,Guss,De Cristoforo,Keboireng,Male,73
891,Hermine,Heyworth,Huddinge,Female,14
892,Adah,Sporgeon,Morelos,Female,46
893,Renate,Lankham,Svetlograd,Female,10
894,Egbert,Trafford,Martin,Male,82
895,Christean,Vaughan-Hughes,Villasis,Female,41
896,Lay,Sharpe,Jacobina,Male,37
897,Nancy,Dell Casa,Nongba,Non-binary,40
898,Cherice,Spiaggia,Crauthem,Female,66
899,Dewie,Grimstead,Bakadagy,Male,24
900,Wynn,Rowbottam,Zhuanqiang,Female,77
901,Odette,Thuillier,Juyuan,Female,51
902,Adolph,Adamini,Youssoufia,Male,25
903,Forbes,Witherden,Popilnya,Male,91
904,Darby,Cuthill,María la Baja,Male,22
905,Sidoney,Courteney,Babakansari,Female,29
906,Mel,Sollon,Labège,Male,90
907,Whit,Pulfer,Langnga,Male,10
908,Nara,Kliement,Buyant,Female,14
909,Sylvester,Spellacey,Madur,Male,49
910,Alexine,Just,Tapera,Female,53
911,Harlene,Burghall,Manjo,Female,93
912,Rosanna,Wigsell,Laidian,Female,33
913,Hammad,Krout,Sumiainen,Male,75
914,Andeee,Franklyn,Padilla,Female,79
915,Danya,Cowdry,Patique,Male,100
916,Cari,Tapin,Babakan,Genderfluid,72
917,Charlena,Piletic,Düsseldorf,Female,97
918,Babara,Belsham,Lingcheng,Female,35
919,Tedmund,Groom,Sumisip,Male,46
920,Gillan,Karlowicz,Repki,Female,29
921,Eyde,Larmour,Huangbei,Female,87
922,Raffarty,Langdridge,Kommunar,Male,60
923,Selinda,Dufour,Żabno,Female,69
924,Tildi,OCannavan,Vrangel’,Female,93
925,Burty,Mersey,Slobozia,Male,46
926,Gary,Rosencwaig,Podosinovets,Polygender,34
927,Quincy,McNickle,Kadaka,Male,78
928,Cece,Castillou,Maggotty,Male,30
929,Hildy,Judkins,Beishan,Genderfluid,100
930,Shannen,Grayham,Aramecina,Genderqueer,47
931,Ignacio,Runham,Tandahimba,Male,37
932,Milton,Abramovici,Santa Catarina Barahona,Male,2
933,Prince,Cristofolini,Baishuiyang,Male,56
934,Wolfy,Balleine,Järfälla,Male,24
935,Keelby,Mendes,Du’ermenqin,Male,6
936,Theo,Procter,Melaka,Male,12
937,Emeline,Gravett,Labuan,Female,4
938,Roseanne,Colquhoun,Jatibonico,Female,69
939,Raimundo,Hartnell,Gyumri,Male,7
940,Jesse,Warrick,Bucay,Male,69
941,Mackenzie,Swaisland,Le Mans,Male,71
942,Anica,Spall,Kout na Šumavě,Female,16
943,Mallory,Tinmouth,Kičevo,Male,70
944,Tandi,Jobling,Foshan,Female,14
945,Giorgia,Haking,Stratford,Female,49
946,Farris,Corpes,Selopuro,Male,92
947,Ross,Haugeh,Pueblo Nuevo,Male,71
948,Merrielle,Proven,Salamanca,Female,54
949,Harv,Cail,Xiting,Male,35
950,Jordanna,Simmill,Buenaventura,Female,15
951,Hube,Bottomore,Nanga Eboko,Male,37
952,Roz,Callcott,Baixo Guandu,Female,88
953,Stephani,Harce,Xiage,Female,56
954,Ringo,Myhill,Boliden,Male,83
955,Brody,Orry,Fengmu,Male,14
956,Spence,Willbourne,Kufayrit,Male,42
957,Lilia,Jagoe,Göteborg,Female,1
958,Vivian,Feaver,Ar Ruţbah,Female,87
959,Spence,Gasker,Usukhchay,Male,96
960,Latrina,Loverock,San José de los Remates,Female,23
961,Jamima,Scain,Baozi,Female,51
962,Kai,Whiston,Cachí,Non-binary,31
963,Gaby,Dugget,Na Di,Male,43
964,Erich,Kincla,Kut Rang,Male,53
965,Maxy,Giovanetti,Wenfeng Zhen,Male,15
966,Danice,Tomson,Şirrīn ash Shamālīyah,Genderqueer,66
967,Arni,Udie,København,Male,50
968,Casar,Gratrix,Konongo,Male,24
969,Hube,Muffen,Naurskaya,Male,95
970,Audie,Danielkiewicz,Denglong,Female,3
971,Codi,Garlant,Bogoroditsk,Female,85
972,Base,Wallas,Gandu,Male,70
973,Orland,Reiglar,Futuroscope,Genderqueer,72
974,Joeann,Jamblin,Uji,Female,43
975,Matthiew,Lucio,Agalteca,Male,4
976,Amitie,Geerdts,San Isidro,Agender,42
977,Yvor,Dishmon,Waiwukak,Male,72
978,Bernardine,Boice,Manila,Female,75
979,Flossie,Battista,Tanahwangko,Female,4
980,Gray,Carnaman,Santa Catarina Ixtahuacán,Male,18
981,Axel,Frankcombe,Hněvotín,Non-binary,3
982,Ad,Stradling,Usevia,Male,40
983,Linnie,Tatershall,Kindu,Female,3
984,Augie,Origan,São Pedro do Estoril,Male,9
985,Shepard,Seiller,Sutton,Male,23
986,See,Zanutti,Trbovlje,Male,30
987,Alaine,Pealing,Cibitung,Female,10
988,Yelena,Drayson,Enjitsu,Female,58
989,Ive,Berkely,New Westminster,Male,60
990,Sonya,Lillistone,Carrigaline,Female,61
991,Briggs,Mosdall,Połajewo,Male,37
992,Kari,Stayt,Şūrān,Female,77
993,Margit,Silbersak,Vilarinho das Cambas,Bigender,46
994,Vassily,Carnelley,Sulyukta,Male,35
995,Clem,Dorey,Roissy Charles-de-Gaulle,Female,39
996,Udell,MacGahy,Zhongxing,Male,21
997,Rasla,Gianninotti,Tuhe,Non-binary,7
998,Carlynn,Bilston,Tonghae,Female,97
999,Cecily,Bartosek,Cabano,Female,90
1000,Maryrose,Shemmin,Juradó,Female,81
